{
    "variants": {
        "number=0": { "model": "wuppy29_samsmod:samTE0" },
        "number=1": { "model": "wuppy29_samsmod:samTE1" },
        "number=2": { "model": "wuppy29_samsmod:samTE2" },
        "number=3": { "model": "wuppy29_samsmod:samTE3" },
        "number=4": { "model": "wuppy29_samsmod:samTE4" },
        "number=5": { "model": "wuppy29_samsmod:samTE5" },
        "number=6": { "model": "wuppy29_samsmod:samTE6" },
        "number=7": { "model": "wuppy29_samsmod:samTE7" },
        "number=8": { "model": "wuppy29_samsmod:samTE8" },
        "number=9": { "model": "wuppy29_samsmod:samTE9" }
    }
}